alpha,subset_ratio,repetition,os_time,os_beta_mse,os_sigma_mse,inr_time,inr_beta_mse,inr_sigma_mse
0.5,0.1,0,6.760178327560425,0.0006787413161995573,0.045307127446397526,1.171126127243042,0.30426634894939,40.90001316515354
