alpha,subset_ratio,repetition,os_time,os_beta_mse,os_sigma_mse,inr_time,inr_beta_mse,inr_sigma_mse
0.2,0.1,0,4.244091987609863,0.0027239582271722513,0.2624862625615389,9.120965957641602,0.23071495762965083,9.686945246594862
